{"homebrew_version":"2.1.14-23-g8fa65aa","used_options":[],"unused_options":[],"built_as_bottle":true,"poured_from_bottle":true,"installed_as_dependency":false,"installed_on_request":true,"changed_files":["INSTALL_RECEIPT.json","de.bernhard-baehr.sleepwatcher-20compatibility-localuser.plist","de.bernhard-baehr.sleepwatcher-20compatibility.plist"],"time":1582605289,"source_modified_time":1555691501,"HEAD":null,"stdlib":null,"compiler":"clang","aliases":[],"runtime_dependencies":[],"source":{"path":"/usr/local/Homebrew/Library/Taps/homebrew/homebrew-core/Formula/sleepwatcher.rb","tap":"homebrew/core","spec":"stable","versions":{"stable":"2.2.1","devel":"","head":"","version_scheme":0}}}